Año,Lugar,Zona,Numero,turistasINE,yhat_full,median_inc,Población,distance (km),distance,CT_(€),OC_(€),TC
2021,Galicia,España,23160,195885,40818.4916291873,42.21643835616438,2695645.0,117.12530057859097,117.12530057859097,15.226289075216826,14.07214611872146,29.298435193938285
2021,Galicia,España,23160,195440,40547.86889985304,42.21643835616438,2695645.0,117.12530057859097,117.12530057859097,15.226289075216826,14.07214611872146,29.298435193938285
2021,Galicia,España,23160,201343,44288.40340062324,42.21643835616438,2695645.0,117.12530057859097,117.12530057859097,15.226289075216826,14.07214611872146,29.298435193938285
2022,Galicia,España,8256,195885,40818.4916291873,42.21643835616438,2695645.0,117.12530057859097,117.12530057859097,15.226289075216826,14.07214611872146,29.298435193938285
2022,Galicia,España,8256,195440,40547.86889985304,42.21643835616438,2695645.0,117.12530057859097,117.12530057859097,15.226289075216826,14.07214611872146,29.298435193938285
2022,Galicia,España,8256,201343,44288.40340062324,42.21643835616438,2695645.0,117.12530057859097,117.12530057859097,15.226289075216826,14.07214611872146,29.298435193938285
2023,Galicia,España,7469,195885,40818.4916291873,42.21643835616438,2695645.0,117.12530057859097,117.12530057859097,15.226289075216826,14.07214611872146,29.298435193938285
2023,Galicia,España,7469,195440,40547.86889985304,42.21643835616438,2695645.0,117.12530057859097,117.12530057859097,15.226289075216826,14.07214611872146,29.298435193938285
2023,Galicia,España,7469,201343,44288.40340062324,42.21643835616438,2695645.0,117.12530057859097,117.12530057859097,15.226289075216826,14.07214611872146,29.298435193938285
2023,Madrid,España,10801,54417,4925.53644173457,52.61917808219178,6751251.0,624.7148974691751,624.7148974691751,81.21293667099276,17.539726027397258,98.75266269839003
2023,Madrid,España,10801,58826,5261.099935453201,52.61917808219178,6751251.0,624.7148974691751,624.7148974691751,81.21293667099276,17.539726027397258,98.75266269839003
2023,Madrid,España,10801,61380,5465.841023382847,52.61917808219178,6751251.0,624.7148974691751,624.7148974691751,81.21293667099276,17.539726027397258,98.75266269839003
2022,Madrid,España,11520,54417,4925.53644173457,52.61917808219178,6751251.0,624.7148974691751,624.7148974691751,81.21293667099276,17.539726027397258,98.75266269839003
2022,Madrid,España,11520,58826,5261.099935453201,52.61917808219178,6751251.0,624.7148974691751,624.7148974691751,81.21293667099276,17.539726027397258,98.75266269839003
2022,Madrid,España,11520,61380,5465.841023382847,52.61917808219178,6751251.0,624.7148974691751,624.7148974691751,81.21293667099276,17.539726027397258,98.75266269839003
2023,Cataluña,España,5114,7216,2432.3548138549904,51.583561643835615,7763362.0,1149.871852683607,1149.871852683607,149.4833408488689,17.194520547945203,166.67786139681408
2023,Cataluña,España,5114,8119,2465.410034132198,51.583561643835615,7763362.0,1149.871852683607,1149.871852683607,149.4833408488689,17.194520547945203,166.67786139681408
2023,Cataluña,España,5114,7772,2452.654938108752,51.583561643835615,7763362.0,1149.871852683607,1149.871852683607,149.4833408488689,17.194520547945203,166.67786139681408
2022,Cataluña,España,5376,7216,2432.3548138549904,51.583561643835615,7763362.0,1149.871852683607,1149.871852683607,149.4833408488689,17.194520547945203,166.67786139681408
2022,Cataluña,España,5376,8119,2465.410034132198,51.583561643835615,7763362.0,1149.871852683607,1149.871852683607,149.4833408488689,17.194520547945203,166.67786139681408
2022,Cataluña,España,5376,7772,2452.654938108752,51.583561643835615,7763362.0,1149.871852683607,1149.871852683607,149.4833408488689,17.194520547945203,166.67786139681408
2021,Cataluña,España,9000,7216,2432.3548138549904,51.583561643835615,7763362.0,1149.871852683607,1149.871852683607,149.4833408488689,17.194520547945203,166.67786139681408
2021,Cataluña,España,9000,8119,2465.410034132198,51.583561643835615,7763362.0,1149.871852683607,1149.871852683607,149.4833408488689,17.194520547945203,166.67786139681408
2021,Cataluña,España,9000,7772,2452.654938108752,51.583561643835615,7763362.0,1149.871852683607,1149.871852683607,149.4833408488689,17.194520547945203,166.67786139681408
2023,Andalucía,España,5964,10154,2541.559496867457,34.893150684931506,8472407.0,845.401148162988,845.401148162988,109.90214926118844,11.631050228310501,121.53319948949894
2023,Andalucía,España,5964,14674,2719.2172225993263,34.893150684931506,8472407.0,845.401148162988,845.401148162988,109.90214926118844,11.631050228310501,121.53319948949894
2023,Andalucía,España,5964,12885,2647.4623994483427,34.893150684931506,8472407.0,845.401148162988,845.401148162988,109.90214926118844,11.631050228310501,121.53319948949894
2022,Andalucía,España,5856,10154,2541.559496867457,34.893150684931506,8472407.0,845.401148162988,845.401148162988,109.90214926118844,11.631050228310501,121.53319948949894
2022,Andalucía,España,5856,14674,2719.2172225993263,34.893150684931506,8472407.0,845.401148162988,845.401148162988,109.90214926118844,11.631050228310501,121.53319948949894
2022,Andalucía,España,5856,12885,2647.4623994483427,34.893150684931506,8472407.0,845.401148162988,845.401148162988,109.90214926118844,11.631050228310501,121.53319948949894
2021,Andalucía,España,7800,10154,2541.559496867457,34.893150684931506,8472407.0,845.401148162988,845.401148162988,109.90214926118844,11.631050228310501,121.53319948949894
2021,Andalucía,España,7800,14674,2719.2172225993263,34.893150684931506,8472407.0,845.401148162988,845.401148162988,109.90214926118844,11.631050228310501,121.53319948949894
2021,Andalucía,España,7800,12885,2647.4623994483427,34.893150684931506,8472407.0,845.401148162988,845.401148162988,109.90214926118844,11.631050228310501,121.53319948949894
2023,Castilla y León,España,3568,44226,4229.548967181925,45.72054794520548,2383139.0,452.31452448754055,452.31452448754055,58.80088818338027,15.240182648401827,74.0410708317821
2023,Castilla y León,España,3568,45893,4336.268250572124,45.72054794520548,2383139.0,452.31452448754055,452.31452448754055,58.80088818338027,15.240182648401827,74.0410708317821
2023,Castilla y León,España,3568,45696,4323.517550454584,45.72054794520548,2383139.0,452.31452448754055,452.31452448754055,58.80088818338027,15.240182648401827,74.0410708317821
2022,Castilla y León,España,4128,44226,4229.548967181925,45.72054794520548,2383139.0,452.31452448754055,452.31452448754055,58.80088818338027,15.240182648401827,74.0410708317821
2022,Castilla y León,España,4128,45893,4336.268250572124,45.72054794520548,2383139.0,452.31452448754055,452.31452448754055,58.80088818338027,15.240182648401827,74.0410708317821
2022,Castilla y León,España,4128,45696,4323.517550454584,45.72054794520548,2383139.0,452.31452448754055,452.31452448754055,58.80088818338027,15.240182648401827,74.0410708317821
2021,Castilla y León,España,6720,44226,4229.548967181925,45.72054794520548,2383139.0,452.31452448754055,452.31452448754055,58.80088818338027,15.240182648401827,74.0410708317821
2021,Castilla y León,España,6720,45893,4336.268250572124,45.72054794520548,2383139.0,452.31452448754055,452.31452448754055,58.80088818338027,15.240182648401827,74.0410708317821
2021,Castilla y León,España,6720,45696,4323.517550454584,45.72054794520548,2383139.0,452.31452448754055,452.31452448754055,58.80088818338027,15.240182648401827,74.0410708317821
2023,Comunidade Valenciana,España,2435,4791,2345.761986213702,41.843835616438355,5058138.0,1010.4591449037832,1010.4591449037832,131.35968883749183,13.947945205479451,145.30763404297127
2023,Comunidade Valenciana,España,2435,6545,2408.079537485325,41.843835616438355,5058138.0,1010.4591449037832,1010.4591449037832,131.35968883749183,13.947945205479451,145.30763404297127
2023,Comunidade Valenciana,España,2435,5215,2360.6767983193463,41.843835616438355,5058138.0,1010.4591449037832,1010.4591449037832,131.35968883749183,13.947945205479451,145.30763404297127
2022,Comunidade Valenciana,España,2496,4791,2345.761986213702,41.843835616438355,5058138.0,1010.4591449037832,1010.4591449037832,131.35968883749183,13.947945205479451,145.30763404297127
2022,Comunidade Valenciana,España,2496,6545,2408.079537485325,41.843835616438355,5058138.0,1010.4591449037832,1010.4591449037832,131.35968883749183,13.947945205479451,145.30763404297127
2022,Comunidade Valenciana,España,2496,5215,2360.6767983193463,41.843835616438355,5058138.0,1010.4591449037832,1010.4591449037832,131.35968883749183,13.947945205479451,145.30763404297127
2021,Comunidade Valenciana,España,4920,4791,2345.761986213702,41.843835616438355,5058138.0,1010.4591449037832,1010.4591449037832,131.35968883749183,13.947945205479451,145.30763404297127
2021,Comunidade Valenciana,España,4920,6545,2408.079537485325,41.843835616438355,5058138.0,1010.4591449037832,1010.4591449037832,131.35968883749183,13.947945205479451,145.30763404297127
2021,Comunidade Valenciana,España,4920,5215,2360.6767983193463,41.843835616438355,5058138.0,1010.4591449037832,1010.4591449037832,131.35968883749183,13.947945205479451,145.30763404297127
2023,País Vasco,España,2513,10191,2542.965586728584,57.846575342465755,2213993.0,694.3049126141343,694.3049126141343,90.25963863983746,19.28219178082192,109.54183042065938
2023,País Vasco,España,2513,10395,2550.732061985276,57.846575342465755,2213993.0,694.3049126141343,694.3049126141343,90.25963863983746,19.28219178082192,109.54183042065938
2023,País Vasco,España,2513,10269,2545.932325187722,57.846575342465755,2213993.0,694.3049126141343,694.3049126141343,90.25963863983746,19.28219178082192,109.54183042065938
2022,País Vasco,España,2592,10191,2542.965586728584,57.846575342465755,2213993.0,694.3049126141343,694.3049126141343,90.25963863983746,19.28219178082192,109.54183042065938
2022,País Vasco,España,2592,10395,2550.732061985276,57.846575342465755,2213993.0,694.3049126141343,694.3049126141343,90.25963863983746,19.28219178082192,109.54183042065938
2022,País Vasco,España,2592,10269,2545.932325187722,57.846575342465755,2213993.0,694.3049126141343,694.3049126141343,90.25963863983746,19.28219178082192,109.54183042065938
2021,País Vasco,España,4560,10191,2542.965586728584,57.846575342465755,2213993.0,694.3049126141343,694.3049126141343,90.25963863983746,19.28219178082192,109.54183042065938
2021,País Vasco,España,4560,10395,2550.732061985276,57.846575342465755,2213993.0,694.3049126141343,694.3049126141343,90.25963863983746,19.28219178082192,109.54183042065938
2021,País Vasco,España,4560,10269,2545.932325187722,57.846575342465755,2213993.0,694.3049126141343,694.3049126141343,90.25963863983746,19.28219178082192,109.54183042065938
2023,Castilla - La Mancha,España,2855,7024,2425.383798450337,38.50410958904109,2049562.0,757.8894632318743,757.8894632318743,98.52563022014365,12.83470319634703,111.36033341649069
2023,Castilla - La Mancha,España,2855,8415,2476.3428742888123,38.50410958904109,2049562.0,757.8894632318743,757.8894632318743,98.52563022014365,12.83470319634703,111.36033341649069
2023,Castilla - La Mancha,España,2855,8071,2463.6416949733566,38.50410958904109,2049562.0,757.8894632318743,757.8894632318743,98.52563022014365,12.83470319634703,111.36033341649069
2022,Castilla - La Mancha,España,3456,7024,2425.383798450337,38.50410958904109,2049562.0,757.8894632318743,757.8894632318743,98.52563022014365,12.83470319634703,111.36033341649069
2022,Castilla - La Mancha,España,3456,8415,2476.3428742888123,38.50410958904109,2049562.0,757.8894632318743,757.8894632318743,98.52563022014365,12.83470319634703,111.36033341649069
2022,Castilla - La Mancha,España,3456,8071,2463.6416949733566,38.50410958904109,2049562.0,757.8894632318743,757.8894632318743,98.52563022014365,12.83470319634703,111.36033341649069
2021,Castilla - La Mancha,España,4080,7024,2425.383798450337,38.50410958904109,2049562.0,757.8894632318743,757.8894632318743,98.52563022014365,12.83470319634703,111.36033341649069
2021,Castilla - La Mancha,España,4080,8415,2476.3428742888123,38.50410958904109,2049562.0,757.8894632318743,757.8894632318743,98.52563022014365,12.83470319634703,111.36033341649069
2021,Castilla - La Mancha,España,4080,8071,2463.6416949733566,38.50410958904109,2049562.0,757.8894632318743,757.8894632318743,98.52563022014365,12.83470319634703,111.36033341649069
2023,Asturias,España,2096,33907,3624.963252042138,46.03013698630137,1011792.0,343.06178331910473,343.06178331910473,44.59803183148362,15.34337899543379,59.941410826917405
2023,Asturias,España,2096,31696,3507.114162974952,46.03013698630137,1011792.0,343.06178331910473,343.06178331910473,44.59803183148362,15.34337899543379,59.941410826917405
2023,Asturias,España,2096,30382,3438.8994583755407,46.03013698630137,1011792.0,343.06178331910473,343.06178331910473,44.59803183148362,15.34337899543379,59.941410826917405
2022,Asturias,España,2496,33907,3624.963252042138,46.03013698630137,1011792.0,343.06178331910473,343.06178331910473,44.59803183148362,15.34337899543379,59.941410826917405
2022,Asturias,España,2496,31696,3507.114162974952,46.03013698630137,1011792.0,343.06178331910473,343.06178331910473,44.59803183148362,15.34337899543379,59.941410826917405
2022,Asturias,España,2496,30382,3438.8994583755407,46.03013698630137,1011792.0,343.06178331910473,343.06178331910473,44.59803183148362,15.34337899543379,59.941410826917405
2021,Asturias,España,3480,33907,3624.963252042138,46.03013698630137,1011792.0,343.06178331910473,343.06178331910473,44.59803183148362,15.34337899543379,59.941410826917405
2021,Asturias,España,3480,31696,3507.114162974952,46.03013698630137,1011792.0,343.06178331910473,343.06178331910473,44.59803183148362,15.34337899543379,59.941410826917405
2021,Asturias,España,3480,30382,3438.8994583755407,46.03013698630137,1011792.0,343.06178331910473,343.06178331910473,44.59803183148362,15.34337899543379,59.941410826917405
2023,Extremadura,España,1863,3204,2290.7685754348963,33.13972602739726,1059501.0,543.920464386368,543.920464386368,70.70966037022785,11.046575342465752,81.75623571269361
2023,Extremadura,España,1863,4077,2320.858648637321,33.13972602739726,1059501.0,543.920464386368,543.920464386368,70.70966037022785,11.046575342465752,81.75623571269361
2023,Extremadura,España,1863,4011,2318.570051372443,33.13972602739726,1059501.0,543.920464386368,543.920464386368,70.70966037022785,11.046575342465752,81.75623571269361
2022,Extremadura,España,2688,3204,2290.7685754348963,33.13972602739726,1059501.0,543.920464386368,543.920464386368,70.70966037022785,11.046575342465752,81.75623571269361
2022,Extremadura,España,2688,4077,2320.858648637321,33.13972602739726,1059501.0,543.920464386368,543.920464386368,70.70966037022785,11.046575342465752,81.75623571269361
2022,Extremadura,España,2688,4011,2318.570051372443,33.13972602739726,1059501.0,543.920464386368,543.920464386368,70.70966037022785,11.046575342465752,81.75623571269361
2021,Extremadura,España,2880,3204,2290.7685754348963,33.13972602739726,1059501.0,543.920464386368,543.920464386368,70.70966037022785,11.046575342465752,81.75623571269361
2021,Extremadura,España,2880,4077,2320.858648637321,33.13972602739726,1059501.0,543.920464386368,543.920464386368,70.70966037022785,11.046575342465752,81.75623571269361
2021,Extremadura,España,2880,4011,2318.570051372443,33.13972602739726,1059501.0,543.920464386368,543.920464386368,70.70966037022785,11.046575342465752,81.75623571269361
2023,Aragón,España,1097,2623,2270.959519998099,49.64657534246575,1326261.0,911.3157625244618,911.3157625244618,118.47104912818004,16.548858447488584,135.01990757566864
2023,Aragón,España,1097,2705,2273.744874054259,49.64657534246575,1326261.0,911.3157625244618,911.3157625244618,118.47104912818004,16.548858447488584,135.01990757566864
2023,Aragón,España,1097,2445,2264.925000361327,49.64657534246575,1326261.0,911.3157625244618,911.3157625244618,118.47104912818004,16.548858447488584,135.01990757566864
2022,Aragón,España,864,2623,2270.959519998099,49.64657534246575,1326261.0,911.3157625244618,911.3157625244618,118.47104912818004,16.548858447488584,135.01990757566864
2022,Aragón,España,864,2705,2273.744874054259,49.64657534246575,1326261.0,911.3157625244618,911.3157625244618,118.47104912818004,16.548858447488584,135.01990757566864
2022,Aragón,España,864,2445,2264.925000361327,49.64657534246575,1326261.0,911.3157625244618,911.3157625244618,118.47104912818004,16.548858447488584,135.01990757566864
2021,Aragón,España,2040,2623,2270.959519998099,49.64657534246575,1326261.0,911.3157625244618,911.3157625244618,118.47104912818004,16.548858447488584,135.01990757566864
2021,Aragón,España,2040,2705,2273.744874054259,49.64657534246575,1326261.0,911.3157625244618,911.3157625244618,118.47104912818004,16.548858447488584,135.01990757566864
2021,Aragón,España,2040,2445,2264.925000361327,49.64657534246575,1326261.0,911.3157625244618,911.3157625244618,118.47104912818004,16.548858447488584,135.01990757566864
2023,Cantabria,España,678,3693,2307.574766252499,44.83287671232877,584507.0,544.8521463533341,544.8521463533341,70.83077902593344,14.944292237442923,85.77507126337636
2023,Cantabria,España,678,3892,2314.449342483051,44.83287671232877,584507.0,544.8521463533341,544.8521463533341,70.83077902593344,14.944292237442923,85.77507126337636
2023,Cantabria,España,678,3397,2297.38702273329,44.83287671232877,584507.0,544.8521463533341,544.8521463533341,70.83077902593344,14.944292237442923,85.77507126337636
2022,Cantabria,España,960,3693,2307.574766252499,44.83287671232877,584507.0,544.8521463533341,544.8521463533341,70.83077902593344,14.944292237442923,85.77507126337636
2022,Cantabria,España,960,3892,2314.449342483051,44.83287671232877,584507.0,544.8521463533341,544.8521463533341,70.83077902593344,14.944292237442923,85.77507126337636
2022,Cantabria,España,960,3397,2297.38702273329,44.83287671232877,584507.0,544.8521463533341,544.8521463533341,70.83077902593344,14.944292237442923,85.77507126337636
2021,Cantabria,España,1800,3693,2307.574766252499,44.83287671232877,584507.0,544.8521463533341,544.8521463533341,70.83077902593344,14.944292237442923,85.77507126337636
2021,Cantabria,España,1800,3892,2314.449342483051,44.83287671232877,584507.0,544.8521463533341,544.8521463533341,70.83077902593344,14.944292237442923,85.77507126337636
2021,Cantabria,España,1800,3397,2297.38702273329,44.83287671232877,584507.0,544.8521463533341,544.8521463533341,70.83077902593344,14.944292237442923,85.77507126337636
2023,Illes Balears,España,438,961,2215.2348205516864,43.19178082191781,1173008.0,1362.756571097719,1362.756571097719,177.15835424270347,14.397260273972602,191.55561451667606
2023,Illes Balears,España,438,2437,2264.654162852692,43.19178082191781,1173008.0,1362.756571097719,1362.756571097719,177.15835424270347,14.397260273972602,191.55561451667606
2023,Illes Balears,España,438,1904,2246.682382266404,43.19178082191781,1173008.0,1362.756571097719,1362.756571097719,177.15835424270347,14.397260273972602,191.55561451667606
2022,Illes Balears,España,1056,961,2215.2348205516864,43.19178082191781,1173008.0,1362.756571097719,1362.756571097719,177.15835424270347,14.397260273972602,191.55561451667606
2022,Illes Balears,España,1056,2437,2264.654162852692,43.19178082191781,1173008.0,1362.756571097719,1362.756571097719,177.15835424270347,14.397260273972602,191.55561451667606
2022,Illes Balears,España,1056,1904,2246.682382266404,43.19178082191781,1173008.0,1362.756571097719,1362.756571097719,177.15835424270347,14.397260273972602,191.55561451667606
2021,Illes Balears,España,1680,961,2215.2348205516864,43.19178082191781,1173008.0,1362.756571097719,1362.756571097719,177.15835424270347,14.397260273972602,191.55561451667606
2021,Illes Balears,España,1680,2437,2264.654162852692,43.19178082191781,1173008.0,1362.756571097719,1362.756571097719,177.15835424270347,14.397260273972602,191.55561451667606
2021,Illes Balears,España,1680,1904,2246.682382266404,43.19178082191781,1173008.0,1362.756571097719,1362.756571097719,177.15835424270347,14.397260273972602,191.55561451667606
2023,Murcia,España,567,1094,2219.643354218859,38.33972602739726,1518486.0,1026.7679997190555,1026.7679997190555,133.47983996347722,12.779908675799087,146.2597486392763
2023,Murcia,España,567,1594,2236.295421892367,38.33972602739726,1518486.0,1026.7679997190555,1026.7679997190555,133.47983996347722,12.779908675799087,146.2597486392763
2023,Murcia,España,567,1049,2218.1507639113024,38.33972602739726,1518486.0,1026.7679997190555,1026.7679997190555,133.47983996347722,12.779908675799087,146.2597486392763
2022,Murcia,España,576,1094,2219.643354218859,38.33972602739726,1518486.0,1026.7679997190555,1026.7679997190555,133.47983996347722,12.779908675799087,146.2597486392763
2022,Murcia,España,576,1594,2236.295421892367,38.33972602739726,1518486.0,1026.7679997190555,1026.7679997190555,133.47983996347722,12.779908675799087,146.2597486392763
2022,Murcia,España,576,1049,2218.1507639113024,38.33972602739726,1518486.0,1026.7679997190555,1026.7679997190555,133.47983996347722,12.779908675799087,146.2597486392763
2021,Murcia,España,1200,1094,2219.643354218859,38.33972602739726,1518486.0,1026.7679997190555,1026.7679997190555,133.47983996347722,12.779908675799087,146.2597486392763
2021,Murcia,España,1200,1594,2236.295421892367,38.33972602739726,1518486.0,1026.7679997190555,1026.7679997190555,133.47983996347722,12.779908675799087,146.2597486392763
2021,Murcia,España,1200,1049,2218.1507639113024,38.33972602739726,1518486.0,1026.7679997190555,1026.7679997190555,133.47983996347722,12.779908675799087,146.2597486392763
2023,Navarra,España,583,2529,2267.770750510571,57.41095890410959,661537.0,795.3674944099478,795.3674944099478,103.39777427329321,19.136986301369863,122.53476057466307
2023,Navarra,España,583,2530,2267.8046500158807,57.41095890410959,661537.0,795.3674944099478,795.3674944099478,103.39777427329321,19.136986301369863,122.53476057466307
2023,Navarra,España,583,2296,2259.8859639267266,57.41095890410959,661537.0,795.3674944099478,795.3674944099478,103.39777427329321,19.136986301369863,122.53476057466307
2022,Navarra,España,672,2529,2267.770750510571,57.41095890410959,661537.0,795.3674944099478,795.3674944099478,103.39777427329321,19.136986301369863,122.53476057466307
2022,Navarra,España,672,2530,2267.8046500158807,57.41095890410959,661537.0,795.3674944099478,795.3674944099478,103.39777427329321,19.136986301369863,122.53476057466307
2022,Navarra,España,672,2296,2259.8859639267266,57.41095890410959,661537.0,795.3674944099478,795.3674944099478,103.39777427329321,19.136986301369863,122.53476057466307
2021,Navarra,España,1080,2529,2267.770750510571,57.41095890410959,661537.0,795.3674944099478,795.3674944099478,103.39777427329321,19.136986301369863,122.53476057466307
2021,Navarra,España,1080,2530,2267.8046500158807,57.41095890410959,661537.0,795.3674944099478,795.3674944099478,103.39777427329321,19.136986301369863,122.53476057466307
2021,Navarra,España,1080,2296,2259.8859639267266,57.41095890410959,661537.0,795.3674944099478,795.3674944099478,103.39777427329321,19.136986301369863,122.53476057466307
2023,Canarias,España,827,1304,2226.62206647534,37.706849315068496,2172944.0,2064.485011176816,2064.485011176816,268.3830514529861,12.568949771689498,280.9520012246756
2023,Canarias,España,827,2876,2279.5643514906697,37.706849315068496,2172944.0,2064.485011176816,2064.485011176816,268.3830514529861,12.568949771689498,280.9520012246756
2023,Canarias,España,827,2911,2280.7573076405,37.706849315068496,2172944.0,2064.485011176816,2064.485011176816,268.3830514529861,12.568949771689498,280.9520012246756
2022,Canarias,España,576,1304,2226.62206647534,37.706849315068496,2172944.0,2064.485011176816,2064.485011176816,268.3830514529861,12.568949771689498,280.9520012246756
2022,Canarias,España,576,2876,2279.5643514906697,37.706849315068496,2172944.0,2064.485011176816,2064.485011176816,268.3830514529861,12.568949771689498,280.9520012246756
2022,Canarias,España,576,2911,2280.7573076405,37.706849315068496,2172944.0,2064.485011176816,2064.485011176816,268.3830514529861,12.568949771689498,280.9520012246756
2021,Canarias,España,840,1304,2226.62206647534,37.706849315068496,2172944.0,2064.485011176816,2064.485011176816,268.3830514529861,12.568949771689498,280.9520012246756
2021,Canarias,España,840,2876,2279.5643514906697,37.706849315068496,2172944.0,2064.485011176816,2064.485011176816,268.3830514529861,12.568949771689498,280.9520012246756
2021,Canarias,España,840,2911,2280.7573076405,37.706849315068496,2172944.0,2064.485011176816,2064.485011176816,268.3830514529861,12.568949771689498,280.9520012246756
2023,La Rioja,España,358,1819,2243.8295535865,47.726027397260275,319796.0,696.6202209791628,696.6202209791628,90.56062872729117,15.908675799086758,106.46930452637793
2023,La Rioja,España,358,1798,2243.125295309224,47.726027397260275,319796.0,696.6202209791628,696.6202209791628,90.56062872729117,15.908675799086758,106.46930452637793
2023,La Rioja,España,358,1463,2231.9205405124903,47.726027397260275,319796.0,696.6202209791628,696.6202209791628,90.56062872729117,15.908675799086758,106.46930452637793
2022,La Rioja,España,480,1819,2243.8295535865,47.726027397260275,319796.0,696.6202209791628,696.6202209791628,90.56062872729117,15.908675799086758,106.46930452637793
2022,La Rioja,España,480,1798,2243.125295309224,47.726027397260275,319796.0,696.6202209791628,696.6202209791628,90.56062872729117,15.908675799086758,106.46930452637793
2022,La Rioja,España,480,1463,2231.9205405124903,47.726027397260275,319796.0,696.6202209791628,696.6202209791628,90.56062872729117,15.908675799086758,106.46930452637793
2021,La Rioja,España,480,1819,2243.8295535865,47.726027397260275,319796.0,696.6202209791628,696.6202209791628,90.56062872729117,15.908675799086758,106.46930452637793
2021,La Rioja,España,480,1798,2243.125295309224,47.726027397260275,319796.0,696.6202209791628,696.6202209791628,90.56062872729117,15.908675799086758,106.46930452637793
2021,La Rioja,España,480,1463,2231.9205405124903,47.726027397260275,319796.0,696.6202209791628,696.6202209791628,90.56062872729117,15.908675799086758,106.46930452637793
2023,Portugal,Europa,2917,16494,784.2159803167604,26.156311369742532,10269417.0,395.7071480023845,395.7071480023845,102.88385848061996,8.718770456580843,111.6026289372008
2023,Portugal,Europa,2917,30351,964.7052940745884,26.156311369742532,10269417.0,395.7071480023845,395.7071480023845,102.88385848061996,8.718770456580843,111.6026289372008
2023,Portugal,Europa,2917,34685,1029.2734735429622,26.156311369742532,10269417.0,395.7071480023845,395.7071480023845,102.88385848061996,8.718770456580843,111.6026289372008
2022,Portugal,Europa,3360,16494,784.2159803167604,26.156311369742532,10269417.0,395.7071480023845,395.7071480023845,102.88385848061996,8.718770456580843,111.6026289372008
2022,Portugal,Europa,3360,30351,964.7052940745884,26.156311369742532,10269417.0,395.7071480023845,395.7071480023845,102.88385848061996,8.718770456580843,111.6026289372008
2022,Portugal,Europa,3360,34685,1029.2734735429622,26.156311369742532,10269417.0,395.7071480023845,395.7071480023845,102.88385848061996,8.718770456580843,111.6026289372008
2021,Portugal,Europa,3360,16494,784.2159803167604,26.156311369742532,10269417.0,395.7071480023845,395.7071480023845,102.88385848061996,8.718770456580843,111.6026289372008
2021,Portugal,Europa,3360,30351,964.7052940745884,26.156311369742532,10269417.0,395.7071480023845,395.7071480023845,102.88385848061996,8.718770456580843,111.6026289372008
2021,Portugal,Europa,3360,34685,1029.2734735429622,26.156311369742532,10269417.0,395.7071480023845,395.7071480023845,102.88385848061996,8.718770456580843,111.6026289372008
2023,Estados Unidos,Mundo,248,1523,674.8055404442902,58.61857086059204,328239523.0,12448.690318343994,12448.690318343994,1493.8428382012792,39.07904724039469,1532.9218854416738
2023,Estados Unidos,Mundo,248,926,668.8102872445879,58.61857086059204,328239523.0,12448.690318343994,12448.690318343994,1493.8428382012792,39.07904724039469,1532.9218854416738
2023,Estados Unidos,Mundo,248,1204,671.5953911315848,58.61857086059204,328239523.0,12448.690318343994,12448.690318343994,1493.8428382012792,39.07904724039469,1532.9218854416738
2022,Estados Unidos,Mundo,288,1523,674.8055404442902,58.61857086059204,328239523.0,12448.690318343994,12448.690318343994,1493.8428382012792,39.07904724039469,1532.9218854416738
2022,Estados Unidos,Mundo,288,926,668.8102872445879,58.61857086059204,328239523.0,12448.690318343994,12448.690318343994,1493.8428382012792,39.07904724039469,1532.9218854416738
2022,Estados Unidos,Mundo,288,1204,671.5953911315848,58.61857086059204,328239523.0,12448.690318343994,12448.690318343994,1493.8428382012792,39.07904724039469,1532.9218854416738
2021,Estados Unidos,Mundo,2520,1523,674.8055404442902,58.61857086059204,328239523.0,12448.690318343994,12448.690318343994,1493.8428382012792,39.07904724039469,1532.9218854416738
2021,Estados Unidos,Mundo,2520,926,668.8102872445879,58.61857086059204,328239523.0,12448.690318343994,12448.690318343994,1493.8428382012792,39.07904724039469,1532.9218854416738
2021,Estados Unidos,Mundo,2520,1204,671.5953911315848,58.61857086059204,328239523.0,12448.690318343994,12448.690318343994,1493.8428382012792,39.07904724039469,1532.9218854416738
2023,Reino Unido,Europa,558,471,617.1846932600862,40.73926820158793,66834405.0,2129.246451490233,2129.246451490233,425.84929029804664,27.159512134391953,453.0088024324386
2023,Reino Unido,Europa,558,1609,627.7735124077386,40.73926820158793,66834405.0,2129.246451490233,2129.246451490233,425.84929029804664,27.159512134391953,453.0088024324386
2023,Reino Unido,Europa,558,1980,631.2646959046002,40.73926820158793,66834405.0,2129.246451490233,2129.246451490233,425.84929029804664,27.159512134391953,453.0088024324386
2022,Reino Unido,Europa,288,471,617.1846932600862,40.73926820158793,66834405.0,2129.246451490233,2129.246451490233,425.84929029804664,27.159512134391953,453.0088024324386
2022,Reino Unido,Europa,288,1609,627.7735124077386,40.73926820158793,66834405.0,2129.246451490233,2129.246451490233,425.84929029804664,27.159512134391953,453.0088024324386
2022,Reino Unido,Europa,288,1980,631.2646959046002,40.73926820158793,66834405.0,2129.246451490233,2129.246451490233,425.84929029804664,27.159512134391953,453.0088024324386
2021,Reino Unido,Europa,1320,471,617.1846932600862,40.73926820158793,66834405.0,2129.246451490233,2129.246451490233,425.84929029804664,27.159512134391953,453.0088024324386
2021,Reino Unido,Europa,1320,1609,627.7735124077386,40.73926820158793,66834405.0,2129.246451490233,2129.246451490233,425.84929029804664,27.159512134391953,453.0088024324386
2021,Reino Unido,Europa,1320,1980,631.2646959046002,40.73926820158793,66834405.0,2129.246451490233,2129.246451490233,425.84929029804664,27.159512134391953,453.0088024324386
2023,Francia,Europa,1059,2732,638.4008392928981,44.098263876338834,67059887.0,884.8318098979931,884.8318098979931,176.96636197959864,29.39884258422589,206.36520456382453
2023,Francia,Europa,1059,3565,646.399847077794,44.098263876338834,67059887.0,884.8318098979931,884.8318098979931,176.96636197959864,29.39884258422589,206.36520456382453
2023,Francia,Europa,1059,3604,646.7767967903068,44.098263876338834,67059887.0,884.8318098979931,884.8318098979931,176.96636197959864,29.39884258422589,206.36520456382453
2022,Francia,Europa,960,2732,638.4008392928981,44.098263876338834,67059887.0,884.8318098979931,884.8318098979931,176.96636197959864,29.39884258422589,206.36520456382453
2022,Francia,Europa,960,3565,646.399847077794,44.098263876338834,67059887.0,884.8318098979931,884.8318098979931,176.96636197959864,29.39884258422589,206.36520456382453
2022,Francia,Europa,960,3604,646.7767967903068,44.098263876338834,67059887.0,884.8318098979931,884.8318098979931,176.96636197959864,29.39884258422589,206.36520456382453
2021,Francia,Europa,960,2732,638.4008392928981,44.098263876338834,67059887.0,884.8318098979931,884.8318098979931,176.96636197959864,29.39884258422589,206.36520456382453
2021,Francia,Europa,960,3565,646.399847077794,44.098263876338834,67059887.0,884.8318098979931,884.8318098979931,176.96636197959864,29.39884258422589,206.36520456382453
2021,Francia,Europa,960,3604,646.7767967903068,44.098263876338834,67059887.0,884.8318098979931,884.8318098979931,176.96636197959864,29.39884258422589,206.36520456382453
2023,Italia,Europa,651,102,613.789728556284,36.789918193756705,60297396.0,2316.118180027957,2316.118180027957,463.2236360055914,24.526612129171134,487.75024813476256
2023,Italia,Europa,651,264,615.2778951468812,36.789918193756705,60297396.0,2316.118180027957,2316.118180027957,463.2236360055914,24.526612129171134,487.75024813476256
2023,Italia,Europa,651,293,615.5446758497384,36.789918193756705,60297396.0,2316.118180027957,2316.118180027957,463.2236360055914,24.526612129171134,487.75024813476256
2022,Italia,Europa,384,102,613.789728556284,36.789918193756705,60297396.0,2316.118180027957,2316.118180027957,463.2236360055914,24.526612129171134,487.75024813476256
2022,Italia,Europa,384,264,615.2778951468812,36.789918193756705,60297396.0,2316.118180027957,2316.118180027957,463.2236360055914,24.526612129171134,487.75024813476256
2022,Italia,Europa,384,293,615.5446758497384,36.789918193756705,60297396.0,2316.118180027957,2316.118180027957,463.2236360055914,24.526612129171134,487.75024813476256
2021,Italia,Europa,840,102,613.789728556284,36.789918193756705,60297396.0,2316.118180027957,2316.118180027957,463.2236360055914,24.526612129171134,487.75024813476256
2021,Italia,Europa,840,264,615.2778951468812,36.789918193756705,60297396.0,2316.118180027957,2316.118180027957,463.2236360055914,24.526612129171134,487.75024813476256
2021,Italia,Europa,840,293,615.5446758497384,36.789918193756705,60297396.0,2316.118180027957,2316.118180027957,463.2236360055914,24.526612129171134,487.75024813476256
2023,Alemania,Europa,601,1202,623.9657668543731,48.970494331393596,83132799.0,2582.4173697347337,2582.4173697347337,309.89008436816806,32.64699622092906,342.5370805890971
2023,Alemania,Europa,601,2263,633.9408297913291,48.970494331393596,83132799.0,2582.4173697347337,2582.4173697347337,309.89008436816806,32.64699622092906,342.5370805890971
2023,Alemania,Europa,601,2365,634.9081516295764,48.970494331393596,83132799.0,2582.4173697347337,2582.4173697347337,309.89008436816806,32.64699622092906,342.5370805890971
2022,Alemania,Europa,480,1202,623.9657668543731,48.970494331393596,83132799.0,2582.4173697347337,2582.4173697347337,309.89008436816806,32.64699622092906,342.5370805890971
2022,Alemania,Europa,480,2263,633.9408297913291,48.970494331393596,83132799.0,2582.4173697347337,2582.4173697347337,309.89008436816806,32.64699622092906,342.5370805890971
2022,Alemania,Europa,480,2365,634.9081516295764,48.970494331393596,83132799.0,2582.4173697347337,2582.4173697347337,309.89008436816806,32.64699622092906,342.5370805890971
2021,Alemania,Europa,600,1202,623.9657668543731,48.970494331393596,83132799.0,2582.4173697347337,2582.4173697347337,309.89008436816806,32.64699622092906,342.5370805890971
2021,Alemania,Europa,600,2263,633.9408297913291,48.970494331393596,83132799.0,2582.4173697347337,2582.4173697347337,309.89008436816806,32.64699622092906,342.5370805890971
2021,Alemania,Europa,600,2365,634.9081516295764,48.970494331393596,83132799.0,2582.4173697347337,2582.4173697347337,309.89008436816806,32.64699622092906,342.5370805890971
2023,Suiza,Europa,284,866,620.8396816247405,56.59690847098227,8574832.0,2018.8224442087096,2018.8224442087096,403.7644888417419,37.73127231398818,441.4957611557301
2023,Suiza,Europa,284,1703,628.6562405322608,56.59690847098227,8574832.0,2018.8224442087096,2018.8224442087096,403.7644888417419,37.73127231398818,441.4957611557301
2023,Suiza,Europa,284,1417,625.9743428126203,56.59690847098227,8574832.0,2018.8224442087096,2018.8224442087096,403.7644888417419,37.73127231398818,441.4957611557301
2022,Suiza,Europa,192,866,620.8396816247405,56.59690847098227,8574832.0,2018.8224442087096,2018.8224442087096,403.7644888417419,37.73127231398818,441.4957611557301
2022,Suiza,Europa,192,1703,628.6562405322608,56.59690847098227,8574832.0,2018.8224442087096,2018.8224442087096,403.7644888417419,37.73127231398818,441.4957611557301
2022,Suiza,Europa,192,1417,625.9743428126203,56.59690847098227,8574832.0,2018.8224442087096,2018.8224442087096,403.7644888417419,37.73127231398818,441.4957611557301
2021,Suiza,Europa,240,866,620.8396816247405,56.59690847098227,8574832.0,2018.8224442087096,2018.8224442087096,403.7644888417419,37.73127231398818,441.4957611557301
2021,Suiza,Europa,240,1703,628.6562405322608,56.59690847098227,8574832.0,2018.8224442087096,2018.8224442087096,403.7644888417419,37.73127231398818,441.4957611557301
2021,Suiza,Europa,240,1417,625.9743428126203,56.59690847098227,8574832.0,2018.8224442087096,2018.8224442087096,403.7644888417419,37.73127231398818,441.4957611557301
2023,Brasil,Mundo,134,31,659.9220623343272,10.192648281346008,211049527.0,8123.603307826081,8123.603307826081,974.8323969391297,6.795098854230671,981.6274957933604
2023,Brasil,Mundo,134,64,660.2476775377293,10.192648281346008,211049527.0,8123.603307826081,8123.603307826081,974.8323969391297,6.795098854230671,981.6274957933604
2022,Brasil,Mundo,192,31,659.9220623343272,10.192648281346008,211049527.0,8123.603307826081,8123.603307826081,974.8323969391297,6.795098854230671,981.6274957933604
2022,Brasil,Mundo,192,64,660.2476775377293,10.192648281346008,211049527.0,8123.603307826081,8123.603307826081,974.8323969391297,6.795098854230671,981.6274957933604
2021,Brasil,Mundo,120,31,659.9220623343272,10.192648281346008,211049527.0,8123.603307826081,8123.603307826081,974.8323969391297,6.795098854230671,981.6274957933604
2021,Brasil,Mundo,120,64,660.2476775377293,10.192648281346008,211049527.0,8123.603307826081,8123.603307826081,974.8323969391297,6.795098854230671,981.6274957933604
2023,Bélgica,Europa,136,635,618.6995878291391,46.65004036095951,11484055.0,2014.503962209924,2014.503962209924,402.90079244198483,31.100026907306336,434.0008193492912
2023,Bélgica,Europa,136,1393,625.7498094715816,46.65004036095951,11484055.0,2014.503962209924,2014.503962209924,402.90079244198483,31.100026907306336,434.0008193492912
2023,Bélgica,Europa,136,1452,626.301931696613,46.65004036095951,11484055.0,2014.503962209924,2014.503962209924,402.90079244198483,31.100026907306336,434.0008193492912
2022,Bélgica,Europa,192,635,618.6995878291391,46.65004036095951,11484055.0,2014.503962209924,2014.503962209924,402.90079244198483,31.100026907306336,434.0008193492912
2022,Bélgica,Europa,192,1393,625.7498094715816,46.65004036095951,11484055.0,2014.503962209924,2014.503962209924,402.90079244198483,31.100026907306336,434.0008193492912
2022,Bélgica,Europa,192,1452,626.301931696613,46.65004036095951,11484055.0,2014.503962209924,2014.503962209924,402.90079244198483,31.100026907306336,434.0008193492912
2023,Países Bajos,Europa,183,1636,628.0269350188006,51.75841254924639,17332850.0,2292.117954401639,2292.117954401639,458.4235908803278,34.50560836616425,492.9291992464921
2023,Países Bajos,Europa,183,2090,632.3035445032007,51.75841254924639,17332850.0,2292.117954401639,2292.117954401639,458.4235908803278,34.50560836616425,492.9291992464921
2023,Países Bajos,Europa,183,2089,632.2940927290524,51.75841254924639,17332850.0,2292.117954401639,2292.117954401639,458.4235908803278,34.50560836616425,492.9291992464921
2022,Países Bajos,Europa,192,1636,628.0269350188006,51.75841254924639,17332850.0,2292.117954401639,2292.117954401639,458.4235908803278,34.50560836616425,492.9291992464921
2022,Países Bajos,Europa,192,2090,632.3035445032007,51.75841254924639,17332850.0,2292.117954401639,2292.117954401639,458.4235908803278,34.50560836616425,492.9291992464921
2022,Países Bajos,Europa,192,2089,632.2940927290524,51.75841254924639,17332850.0,2292.117954401639,2292.117954401639,458.4235908803278,34.50560836616425,492.9291992464921
2021,Países Bajos,Europa,120,1636,628.0269350188006,51.75841254924639,17332850.0,2292.117954401639,2292.117954401639,458.4235908803278,34.50560836616425,492.9291992464921
2021,Países Bajos,Europa,120,2090,632.3035445032007,51.75841254924639,17332850.0,2292.117954401639,2292.117954401639,458.4235908803278,34.50560836616425,492.9291992464921
2021,Países Bajos,Europa,120,2089,632.2940927290524,51.75841254924639,17332850.0,2292.117954401639,2292.117954401639,458.4235908803278,34.50560836616425,492.9291992464921
2023,Irlanda,Europa,95,373,616.2812224603343,43.28140624811749,4941444.0,1813.4782722853388,1813.4782722853388,362.6956544570678,28.854270832078328,391.54992528914613
2023,Irlanda,Europa,95,594,618.3205159480644,43.28140624811749,4941444.0,1813.4782722853388,1813.4782722853388,362.6956544570678,28.854270832078328,391.54992528914613
2023,Polonia,Europa,60,89,613.6704639065773,27.24786448356044,37970874.0,3531.304551598316,3531.304551598316,423.7565461917979,18.165242989040294,441.9217891808382
2023,Polonia,Europa,60,286,615.4802699186841,27.24786448356044,37970874.0,3531.304551598316,3531.304551598316,423.7565461917979,18.165242989040294,441.9217891808382
2022,Polonia,Europa,96,89,613.6704639065773,27.24786448356044,37970874.0,3531.304551598316,3531.304551598316,423.7565461917979,18.165242989040294,441.9217891808382
2022,Polonia,Europa,96,286,615.4802699186841,27.24786448356044,37970874.0,3531.304551598316,3531.304551598316,423.7565461917979,18.165242989040294,441.9217891808382
2021,Polonia,Europa,120,89,613.6704639065773,27.24786448356044,37970874.0,3531.304551598316,3531.304551598316,423.7565461917979,18.165242989040294,441.9217891808382
2021,Polonia,Europa,120,286,615.4802699186841,27.24786448356044,37970874.0,3531.304551598316,3531.304551598316,423.7565461917979,18.165242989040294,441.9217891808382
2023,Austria,Europa,45,367,616.2259509063406,51.980096625341865,8877067.0,2683.896807140002,2683.896807140002,322.0676168568002,34.65339775022791,356.7210146070281
2023,Austria,Europa,45,653,618.8660830323533,51.980096625341865,8877067.0,2683.896807140002,2683.896807140002,322.0676168568002,34.65339775022791,356.7210146070281
2023,Austria,Europa,45,1010,622.1775100803442,51.980096625341865,8877067.0,2683.896807140002,2683.896807140002,322.0676168568002,34.65339775022791,356.7210146070281
2023,Andorra,Europa,37,35,613.1753049088568,114.08219178082192,77142.0,1152.947715586787,1152.947715586787,230.58954311735738,38.02739726027397,268.61694037763135
2023,República Checa,Europa,41,30,613.1294770680888,30.96830158672787,10669709.0,2936.598122918472,2936.598122918472,352.39177475021665,20.645534391151912,373.03730914136855
